Workbook

Sheet BC_GAP
B2: BÁO CÁO PHÂN TÍCH CHÊNH LỆCH CẤP LINE (SAP 311 VS THỰC TẾ PACKING)
B3: Hệ thống: SAP ERP (MVT 311) | Kho cấp: 1003 ➔ Kho Line: 3003 | Plant: 3001 NMVFHP
B5: TỔNG XUẤT SAP 311 | E5: TỔNG LINE THỰC NHẬN | H5: TỔNG CHÊNH LỆCH (GAP)
B6: =SUM(E10:E34) | E6: =SUM(F10:F34) | H6: =SUM(G10:G34)
A9: STT | B9: Mã vật tư (Material) | C9: Tên vật tư (Description) | D9: Model / Line | E9: SAP 311 | F9: Line Nhận | G9: TỔNG GAP | H9: 06:00-07:00 | I9: 07:00-08:00 | J9: 08:00-09:00 | K9: 09:00-10:00 | L9: 10:00-11:00 | M9: 11:00-12:00 | N9: 12:00-13:00 | O9: 13:00-14:00 | P9: ĐÁNH GIÁ
A10: 1 | B10: BIW20005484 | C10: HINGE_TAILGATE_ASSY | D10: VF6,8,9,LH - FINISHING | E10: =SUMIFS(RAW_MB51!$I:$I, RAW_MB51!$A:$A, $B10) | F10: =BC_THUC_NHAN!E6 | G10: =F10-E10 | H10: =BC_THUC_NHAN!F6-SUMIFS(RAW_MB51!$I:$I, RAW_MB51!$A:$A, $B10, RAW_MB51!$J:$J, H$9) | I10: =BC_THUC_NHAN!G6-SUMIFS(RAW_MB51!$I:$I, RAW_MB51!$A:$A, $B10, RAW_MB51!$J:$J, I$9) | J10: =BC_THUC_NHAN!H6-SUMIFS(RAW_MB51!$I:$I, RAW_MB51!$A:$A, $B10, RAW_MB51!$J:$J, J$9) | K10: =BC_THUC_NHAN!I6-SUMIFS(RAW_MB51!$I:$I, RAW_MB51!$A:$A, $B10, RAW_MB51!$J:$J, K$9) | L10: =BC_THUC_NHAN!J6-SUMIFS(RAW_MB51!$I:$I, RAW_MB51!$A:$A, $B10, RAW_MB51!$J:$J, L$9) | M10: =BC_THUC_NHAN!K6-SUMIFS(RAW_MB51!$I:$I, RAW_MB51!$A:$A, $B10, RAW_MB51!$J:$J, M$9) | N10: =BC_THUC_NHAN!L6-SUMIFS(RAW_MB51!$I:$I, RAW_MB51!$A:$A, $B10, RAW_MB51!$J:$J, N$9) | O10: =BC_THUC_NHAN!M6-SUMIFS(RAW_MB51!$I:$I, RAW_MB51!$A:$A, $B10, RAW_MB51!$J:$J, O$9) | P10: =IF(G10=0, "✔ Khớp", IF(G10<0, "❌ Thiếu " & TEXT(ABS(G10), "#,##0"), "⚠ Dư " & TEXT(G10, "#,##0")))
A11: 2 | B11: BIW30001015 | C11: ASSY_FRONT_HEADER | D11: VF8 - FRAMING 1 | E11: =SUMIFS(RAW_MB51!$I:$I, RAW_MB51!$A:$A, $B11) | F11: =BC_THUC_NHAN!E7 | G11: =F11-E11 | H11: =BC_THUC_NHAN!F7-SUMIFS(RAW_MB51!$I:$I, RAW_MB51!$A:$A, $B11, RAW_MB51!$J:$J, H$9) | I11: =BC_THUC_NHAN!G7-SUMIFS(RAW_MB51!$I:$I, RAW_MB51!$A:$A, $B11, RAW_MB51!$J:$J, I$9) | J11: =BC_THUC_NHAN!H7-SUMIFS(RAW_MB51!$I:$I, RAW_MB51!$A:$A, $B11, RAW_MB51!$J:$J, J$9) | K11: =BC_THUC_NHAN!I7-SUMIFS(RAW_MB51!$I:$I, RAW_MB51!$A:$A, $B11, RAW_MB51!$J:$J, K$9) | L11: =BC_THUC_NHAN!J7-SUMIFS(RAW_MB51!$I:$I, RAW_MB51!$A:$A, $B11, RAW_MB51!$J:$J, L$9) | M11: =BC_THUC_NHAN!K7-SUMIFS(RAW_MB51!$I:$I, RAW_MB51!$A:$A, $B11, RAW_MB51!$J:$J, M$9) | N11: =BC_THUC_NHAN!L7-SUMIFS(RAW_MB51!$I:$I, RAW_MB51!$A:$A, $B11, RAW_MB51!$J:$J, N$9) | O11: =BC_THUC_NHAN!M7-SUMIFS(RAW_MB51!$I:$I, RAW_MB51!$A:$A, $B11, RAW_MB51!$J:$J, O$9) | P11: =IF(G11=0, "✔ Khớp", IF(G11<0, "❌ Thiếu " & TEXT(ABS(G11), "#,##0"), "⚠ Dư " & TEXT(G11, "#,##0")))
A12: 3 | B12: BIW30001038 | C12: ASSY_FENDER_MTG_BRKT_FRONT_UPPER_LH | D12: VF8 - SOL | E12: =SUMIFS(RAW_MB51!$I:$I, RAW_MB51!$A:$A, $B12) | F12: =BC_THUC_NHAN!E8 | G12: =F12-E12 | H12: =BC_THUC_NHAN!F8-SUMIFS(RAW_MB51!$I:$I, RAW_MB51!$A:$A, $B12, RAW_MB51!$J:$J, H$9) | I12: =BC_THUC_NHAN!G8-SUMIFS(RAW_MB51!$I:$I, RAW_MB51!$A:$A, $B12, RAW_MB51!$J:$J, I$9) | J12: =BC_THUC_NHAN!H8-SUMIFS(RAW_MB51!$I:$I, RAW_MB51!$A:$A, $B12, RAW_MB51!$J:$J, J$9) | K12: =BC_THUC_NHAN!I8-SUMIFS(RAW_MB51!$I:$I, RAW_MB51!$A:$A, $B12, RAW_MB51!$J:$J, K$9) | L12: =BC_THUC_NHAN!J8-SUMIFS(RAW_MB51!$I:$I, RAW_MB51!$A:$A, $B12, RAW_MB51!$J:$J, L$9) | M12: =BC_THUC_NHAN!K8-SUMIFS(RAW_MB51!$I:$I, RAW_MB51!$A:$A, $B12, RAW_MB51!$J:$J, M$9) | N12: =BC_THUC_NHAN!L8-SUMIFS(RAW_MB51!$I:$I, RAW_MB51!$A:$A, $B12, RAW_MB51!$J:$J, N$9) | O12: =BC_THUC_NHAN!M8-SUMIFS(RAW_MB51!$I:$I, RAW_MB51!$A:$A, $B12, RAW_MB51!$J:$J, O$9) | P12: =IF(G12=0, "✔ Khớp", IF(G12<0, "❌ Thiếu " & TEXT(ABS(G12), "#,##0"), "⚠ Dư " & TEXT(G12, "#,##0")))
A13: 4 | B13: BIW30001039 | C13: ASSY_FENDER_MTG_BRKT_FRONT_UPPER_RH | D13: VF8 - SOR | E13: =SUMIFS(RAW_MB51!$I:$I, RAW_MB51!$A:$A, $B13) | F13: =BC_THUC_NHAN!E9 | G13: =F13-E13 | H13: =BC_THUC_NHAN!F9-SUMIFS(RAW_MB51!$I:$I, RAW_MB51!$A:$A, $B13, RAW_MB51!$J:$J, H$9) | I13: =BC_THUC_NHAN!G9-SUMIFS(RAW_MB51!$I:$I, RAW_MB51!$A:$A, $B13, RAW_MB51!$J:$J, I$9) | J13: =BC_THUC_NHAN!H9-SUMIFS(RAW_MB51!$I:$I, RAW_MB51!$A:$A, $B13, RAW_MB51!$J:$J, J$9) | K13: =BC_THUC_NHAN!I9-SUMIFS(RAW_MB51!$I:$I, RAW_MB51!$A:$A, $B13, RAW_MB51!$J:$J, K$9) | L13: =BC_THUC_NHAN!J9-SUMIFS(RAW_MB51!$I:$I, RAW_MB51!$A:$A, $B13, RAW_MB51!$J:$J, L$9) | M13: =BC_THUC_NHAN!K9-SUMIFS(RAW_MB51!$I:$I, RAW_MB51!$A:$A, $B13, RAW_MB51!$J:$J, M$9) | N13: =BC_THUC_NHAN!L9-SUMIFS(RAW_MB51!$I:$I, RAW_MB51!$A:$A, $B13, RAW_MB51!$J:$J, N$9) | O13: =BC_THUC_NHAN!M9-SUMIFS(RAW_MB51!$I:$I, RAW_MB51!$A:$A, $B13, RAW_MB51!$J:$J, O$9) | P13: =IF(G13=0, "✔ Khớp", IF(G13<0, "❌ Thiếu " & TEXT(ABS(G13), "#,##0"), "⚠ Dư " & TEXT(G13, "#,##0")))
A14: 5 | B14: BIW30001060AA | C14: REAR_HEADER_LOWER | D14: VF8 - FRAMING 1 | E14: =SUMIFS(RAW_MB51!$I:$I, RAW_MB51!$A:$A, $B14) | F14: =BC_THUC_NHAN!E10 | G14: =F14-E14 | H14: =BC_THUC_NHAN!F10-SUMIFS(RAW_MB51!$I:$I, RAW_MB51!$A:$A, $B14, RAW_MB51!$J:$J, H$9) | I14: =BC_THUC_NHAN!G10-SUMIFS(RAW_MB51!$I:$I, RAW_MB51!$A:$A, $B14, RAW_MB51!$J:$J, I$9) | J14: =BC_THUC_NHAN!H10-SUMIFS(RAW_MB51!$I:$I, RAW_MB51!$A:$A, $B14, RAW_MB51!$J:$J, J$9) | K14: =BC_THUC_NHAN!I10-SUMIFS(RAW_MB51!$I:$I, RAW_MB51!$A:$A, $B14, RAW_MB51!$J:$J, K$9) | L14: =BC_THUC_NHAN!J10-SUMIFS(RAW_MB51!$I:$I, RAW_MB51!$A:$A, $B14, RAW_MB51!$J:$J, L$9) | M14: =BC_THUC_NHAN!K10-SUMIFS(RAW_MB51!$I:$I, RAW_MB51!$A:$A, $B14, RAW_MB51!$J:$J, M$9) | N14: =BC_THUC_NHAN!L10-SUMIFS(RAW_MB51!$I:$I, RAW_MB51!$A:$A, $B14, RAW_MB51!$J:$J, N$9) | O14: =BC_THUC_NHAN!M10-SUMIFS(RAW_MB51!$I:$I, RAW_MB51!$A:$A, $B14, RAW_MB51!$J:$J, O$9) | P14: =IF(G14=0, "✔ Khớp", IF(G14<0, "❌ Thiếu " & TEXT(ABS(G14), "#,##0"), "⚠ Dư " & TEXT(G14, "#,##0")))
A15: 6 | B15: BIW30001062 | C15: ROOF BOW RR | D15: VF8 - FRAMING 2 | E15: =SUMIFS(RAW_MB51!$I:$I, RAW_MB51!$A:$A, $B15) | F15: =BC_THUC_NHAN!E11 | G15: =F15-E15 | H15: =BC_THUC_NHAN!F11-SUMIFS(RAW_MB51!$I:$I, RAW_MB51!$A:$A, $B15, RAW_MB51!$J:$J, H$9) | I15: =BC_THUC_NHAN!G11-SUMIFS(RAW_MB51!$I:$I, RAW_MB51!$A:$A, $B15, RAW_MB51!$J:$J, I$9) | J15: =BC_THUC_NHAN!H11-SUMIFS(RAW_MB51!$I:$I, RAW_MB51!$A:$A, $B15, RAW_MB51!$J:$J, J$9) | K15: =BC_THUC_NHAN!I11-SUMIFS(RAW_MB51!$I:$I, RAW_MB51!$A:$A, $B15, RAW_MB51!$J:$J, K$9) | L15: =BC_THUC_NHAN!J11-SUMIFS(RAW_MB51!$I:$I, RAW_MB51!$A:$A, $B15, RAW_MB51!$J:$J, L$9) | M15: =BC_THUC_NHAN!K11-SUMIFS(RAW_MB51!$I:$I, RAW_MB51!$A:$A, $B15, RAW_MB51!$J:$J, M$9) | N15: =BC_THUC_NHAN!L11-SUMIFS(RAW_MB51!$I:$I, RAW_MB51!$A:$A, $B15, RAW_MB51!$J:$J, N$9) | O15: =BC_THUC_NHAN!M11-SUMIFS(RAW_MB51!$I:$I, RAW_MB51!$A:$A, $B15, RAW_MB51!$J:$J, O$9) | P15: =IF(G15=0, "✔ Khớp", IF(G15<0, "❌ Thiếu " & TEXT(ABS(G15), "#,##0"), "⚠ Dư " & TEXT(G15, "#,##0")))
A16: 7 | B16: BIW30001066AA | C16: PANEL_FENDER_RH | D16: VF8 - FINISHING | E16: =SUMIFS(RAW_MB51!$I:$I, RAW_MB51!$A:$A, $B16) | F16: =BC_THUC_NHAN!E12 | G16: =F16-E16 | H16: =BC_THUC_NHAN!F12-SUMIFS(RAW_MB51!$I:$I, RAW_MB51!$A:$A, $B16, RAW_MB51!$J:$J, H$9) | I16: =BC_THUC_NHAN!G12-SUMIFS(RAW_MB51!$I:$I, RAW_MB51!$A:$A, $B16, RAW_MB51!$J:$J, I$9) | J16: =BC_THUC_NHAN!H12-SUMIFS(RAW_MB51!$I:$I, RAW_MB51!$A:$A, $B16, RAW_MB51!$J:$J, J$9) | K16: =BC_THUC_NHAN!I12-SUMIFS(RAW_MB51!$I:$I, RAW_MB51!$A:$A, $B16, RAW_MB51!$J:$J, K$9) | L16: =BC_THUC_NHAN!J12-SUMIFS(RAW_MB51!$I:$I, RAW_MB51!$A:$A, $B16, RAW_MB51!$J:$J, L$9) | M16: =BC_THUC_NHAN!K12-SUMIFS(RAW_MB51!$I:$I, RAW_MB51!$A:$A, $B16, RAW_MB51!$J:$J, M$9) | N16: =BC_THUC_NHAN!L12-SUMIFS(RAW_MB51!$I:$I, RAW_MB51!$A:$A, $B16, RAW_MB51!$J:$J, N$9) | O16: =BC_THUC_NHAN!M12-SUMIFS(RAW_MB51!$I:$I, RAW_MB51!$A:$A, $B16, RAW_MB51!$J:$J, O$9) | P16: =IF(G16=0, "✔ Khớp", IF(G16<0, "❌ Thiếu " & TEXT(ABS(G16), "#,##0"), "⚠ Dư " & TEXT(G16, "#,##0")))
A17: 8 | B17: BIW30001200 | C17: ASSY_PANEL_SUNROOF | D17: VF8 - FRAMING 3 | E17: =SUMIFS(RAW_MB51!$I:$I, RAW_MB51!$A:$A, $B17) | F17: =BC_THUC_NHAN!E13 | G17: =F17-E17 | H17: =BC_THUC_NHAN!F13-SUMIFS(RAW_MB51!$I:$I, RAW_MB51!$A:$A, $B17, RAW_MB51!$J:$J, H$9) | I17: =BC_THUC_NHAN!G13-SUMIFS(RAW_MB51!$I:$I, RAW_MB51!$A:$A, $B17, RAW_MB51!$J:$J, I$9) | J17: =BC_THUC_NHAN!H13-SUMIFS(RAW_MB51!$I:$I, RAW_MB51!$A:$A, $B17, RAW_MB51!$J:$J, J$9) | K17: =BC_THUC_NHAN!I13-SUMIFS(RAW_MB51!$I:$I, RAW_MB51!$A:$A, $B17, RAW_MB51!$J:$J, K$9) | L17: =BC_THUC_NHAN!J13-SUMIFS(RAW_MB51!$I:$I, RAW_MB51!$A:$A, $B17, RAW_MB51!$J:$J, L$9) | M17: =BC_THUC_NHAN!K13-SUMIFS(RAW_MB51!$I:$I, RAW_MB51!$A:$A, $B17, RAW_MB51!$J:$J, M$9) | N17: =BC_THUC_NHAN!L13-SUMIFS(RAW_MB51!$I:$I, RAW_MB51!$A:$A, $B17, RAW_MB51!$J:$J, N$9) | O17: =BC_THUC_NHAN!M13-SUMIFS(RAW_MB51!$I:$I, RAW_MB51!$A:$A, $B17, RAW_MB51!$J:$J, O$9) | P17: =IF(G17=0, "✔ Khớp", IF(G17<0, "❌ Thiếu " & TEXT(ABS(G17), "#,##0"), "⚠ Dư " & TEXT(G17, "#,##0")))
A18: 9 | B18: BIW30002039 | C18: ASSY_BULKHEAD_FR_PLR_UPR_LH | D18: VF8 - SOL | E18: =SUMIFS(RAW_MB51!$I:$I, RAW_MB51!$A:$A, $B18) | F18: =BC_THUC_NHAN!E14 | G18: =F18-E18 | H18: =BC_THUC_NHAN!F14-SUMIFS(RAW_MB51!$I:$I, RAW_MB51!$A:$A, $B18, RAW_MB51!$J:$J, H$9) | I18: =BC_THUC_NHAN!G14-SUMIFS(RAW_MB51!$I:$I, RAW_MB51!$A:$A, $B18, RAW_MB51!$J:$J, I$9) | J18: =BC_THUC_NHAN!H14-SUMIFS(RAW_MB51!$I:$I, RAW_MB51!$A:$A, $B18, RAW_MB51!$J:$J, J$9) | K18: =BC_THUC_NHAN!I14-SUMIFS(RAW_MB51!$I:$I, RAW_MB51!$A:$A, $B18, RAW_MB51!$J:$J, K$9) | L18: =BC_THUC_NHAN!J14-SUMIFS(RAW_MB51!$I:$I, RAW_MB51!$A:$A, $B18, RAW_MB51!$J:$J, L$9) | M18: =BC_THUC_NHAN!K14-SUMIFS(RAW_MB51!$I:$I, RAW_MB51!$A:$A, $B18, RAW_MB51!$J:$J, M$9) | N18: =BC_THUC_NHAN!L14-SUMIFS(RAW_MB51!$I:$I, RAW_MB51!$A:$A, $B18, RAW_MB51!$J:$J, N$9) | O18: =BC_THUC_NHAN!M14-SUMIFS(RAW_MB51!$I:$I, RAW_MB51!$A:$A, $B18, RAW_MB51!$J:$J, O$9) | P18: =IF(G18=0, "✔ Khớp", IF(G18<0, "❌ Thiếu " & TEXT(ABS(G18), "#,##0"), "⚠ Dư " & TEXT(G18, "#,##0")))
A19: 10 | B19: BIW30002040 | C19: ASSY_BULKHEAD_FR_PLR_LWR_LH | D19: VF8 - SOL | E19: =SUMIFS(RAW_MB51!$I:$I, RAW_MB51!$A:$A, $B19) | F19: =BC_THUC_NHAN!E15 | G19: =F19-E19 | H19: =BC_THUC_NHAN!F15-SUMIFS(RAW_MB51!$I:$I, RAW_MB51!$A:$A, $B19, RAW_MB51!$J:$J, H$9) | I19: =BC_THUC_NHAN!G15-SUMIFS(RAW_MB51!$I:$I, RAW_MB51!$A:$A, $B19, RAW_MB51!$J:$J, I$9) | J19: =BC_THUC_NHAN!H15-SUMIFS(RAW_MB51!$I:$I, RAW_MB51!$A:$A, $B19, RAW_MB51!$J:$J, J$9) | K19: =BC_THUC_NHAN!I15-SUMIFS(RAW_MB51!$I:$I, RAW_MB51!$A:$A, $B19, RAW_MB51!$J:$J, K$9) | L19: =BC_THUC_NHAN!J15-SUMIFS(RAW_MB51!$I:$I, RAW_MB51!$A:$A, $B19, RAW_MB51!$J:$J, L$9) | M19: =BC_THUC_NHAN!K15-SUMIFS(RAW_MB51!$I:$I, RAW_MB51!$A:$A, $B19, RAW_MB51!$J:$J, M$9) | N19: =BC_THUC_NHAN!L15-SUMIFS(RAW_MB51!$I:$I, RAW_MB51!$A:$A, $B19, RAW_MB51!$J:$J, N$9) | O19: =BC_THUC_NHAN!M15-SUMIFS(RAW_MB51!$I:$I, RAW_MB51!$A:$A, $B19, RAW_MB51!$J:$J, O$9) | P19: =IF(G19=0, "✔ Khớp", IF(G19<0, "❌ Thiếu " & TEXT(ABS(G19), "#,##0"), "⚠ Dư " & TEXT(G19, "#,##0")))
A20: 11 | B20: BIW30002044 | C20: ASSY_RENIF_CTR_PLR_LH | D20: VF8 - SOL | E20: =SUMIFS(RAW_MB51!$I:$I, RAW_MB51!$A:$A, $B20) | F20: =BC_THUC_NHAN!E16 | G20: =F20-E20 | H20: =BC_THUC_NHAN!F16-SUMIFS(RAW_MB51!$I:$I, RAW_MB51!$A:$A, $B20, RAW_MB51!$J:$J, H$9) | I20: =BC_THUC_NHAN!G16-SUMIFS(RAW_MB51!$I:$I, RAW_MB51!$A:$A, $B20, RAW_MB51!$J:$J, I$9) | J20: =BC_THUC_NHAN!H16-SUMIFS(RAW_MB51!$I:$I, RAW_MB51!$A:$A, $B20, RAW_MB51!$J:$J, J$9) | K20: =BC_THUC_NHAN!I16-SUMIFS(RAW_MB51!$I:$I, RAW_MB51!$A:$A, $B20, RAW_MB51!$J:$J, K$9) | L20: =BC_THUC_NHAN!J16-SUMIFS(RAW_MB51!$I:$I, RAW_MB51!$A:$A, $B20, RAW_MB51!$J:$J, L$9) | M20: =BC_THUC_NHAN!K16-SUMIFS(RAW_MB51!$I:$I, RAW_MB51!$A:$A, $B20, RAW_MB51!$J:$J, M$9) | N20: =BC_THUC_NHAN!L16-SUMIFS(RAW_MB51!$I:$I, RAW_MB51!$A:$A, $B20, RAW_MB51!$J:$J, N$9) | O20: =BC_THUC_NHAN!M16-SUMIFS(RAW_MB51!$I:$I, RAW_MB51!$A:$A, $B20, RAW_MB51!$J:$J, O$9) | P20: =IF(G20=0, "✔ Khớp", IF(G20<0, "❌ Thiếu " & TEXT(ABS(G20), "#,##0"), "⚠ Dư " & TEXT(G20, "#,##0")))
A21: 12 | B21: BIW30002048 | C21: ASSY_REINF_FR_PLR_UPR_LH | D21: VF8 - SIL | E21: =SUMIFS(RAW_MB51!$I:$I, RAW_MB51!$A:$A, $B21) | F21: =BC_THUC_NHAN!E17 | G21: =F21-E21 | H21: =BC_THUC_NHAN!F17-SUMIFS(RAW_MB51!$I:$I, RAW_MB51!$A:$A, $B21, RAW_MB51!$J:$J, H$9) | I21: =BC_THUC_NHAN!G17-SUMIFS(RAW_MB51!$I:$I, RAW_MB51!$A:$A, $B21, RAW_MB51!$J:$J, I$9) | J21: =BC_THUC_NHAN!H17-SUMIFS(RAW_MB51!$I:$I, RAW_MB51!$A:$A, $B21, RAW_MB51!$J:$J, J$9) | K21: =BC_THUC_NHAN!I17-SUMIFS(RAW_MB51!$I:$I, RAW_MB51!$A:$A, $B21, RAW_MB51!$J:$J, K$9) | L21: =BC_THUC_NHAN!J17-SUMIFS(RAW_MB51!$I:$I, RAW_MB51!$A:$A, $B21, RAW_MB51!$J:$J, L$9) | M21: =BC_THUC_NHAN!K17-SUMIFS(RAW_MB51!$I:$I, RAW_MB51!$A:$A, $B21, RAW_MB51!$J:$J, M$9) | N21: =BC_THUC_NHAN!L17-SUMIFS(RAW_MB51!$I:$I, RAW_MB51!$A:$A, $B21, RAW_MB51!$J:$J, N$9) | O21: =BC_THUC_NHAN!M17-SUMIFS(RAW_MB51!$I:$I, RAW_MB51!$A:$A, $B21, RAW_MB51!$J:$J, O$9) | P21: =IF(G21=0, "✔ Khớp", IF(G21<0, "❌ Thiếu " & TEXT(ABS(G21), "#,##0"), "⚠ Dư " & TEXT(G21, "#,##0")))
... A34: 25 | B34: BIW30003250 | C34: ASSY_PNL_CTR_PLR_INR_RH | D34: VF8 - SIR | E34: =SUMIFS(RAW_MB51!$I:$I, RAW_MB51!$A:$A, $B34) | F34: =BC_THUC_NHAN!E30 | G34: =F34-E34 | H34: =BC_THUC_NHAN!F30-SUMIFS(RAW_MB51!$I:$I, RAW_MB51!$A:$A, $B34, RAW_MB51!$J:$J, H$9) | I34: =BC_THUC_NHAN!G30-SUMIFS(RAW_MB51!$I:$I, RAW_MB51!$A:$A, $B34, RAW_MB51!$J:$J, I$9) | J34: =BC_THUC_NHAN!H30-SUMIFS(RAW_MB51!$I:$I, RAW_MB51!$A:$A, $B34, RAW_MB51!$J:$J, J$9) | K34: =BC_THUC_NHAN!I30-SUMIFS(RAW_MB51!$I:$I, RAW_MB51!$A:$A, $B34, RAW_MB51!$J:$J, K$9) | L34: =BC_THUC_NHAN!J30-SUMIFS(RAW_MB51!$I:$I, RAW_MB51!$A:$A, $B34, RAW_MB51!$J:$J, L$9) | M34: =BC_THUC_NHAN!K30-SUMIFS(RAW_MB51!$I:$I, RAW_MB51!$A:$A, $B34, RAW_MB51!$J:$J, M$9) | N34: =BC_THUC_NHAN!L30-SUMIFS(RAW_MB51!$I:$I, RAW_MB51!$A:$A, $B34, RAW_MB51!$J:$J, N$9) | O34: =BC_THUC_NHAN!M30-SUMIFS(RAW_MB51!$I:$I, RAW_MB51!$A:$A, $B34, RAW_MB51!$J:$J, O$9) | P34: =IF(G34=0, "✔ Khớp", IF(G34<0, "❌ Thiếu " & TEXT(ABS(G34), "#,##0"), "⚠ Dư " & TEXT(G34, "#,##0")))
B35: TỔNG CỘNG | E35: =SUM(E10:E34) | F35: =SUM(F10:F34) | G35: =SUM(G10:G34) | H35: =SUM(H10:H34) | I35: =SUM(I10:I34) | J35: =SUM(J10:J34) | K35: =SUM(K10:K34) | L35: =SUM(L10:L34) | ... O35: =SUM(O10:O34)

Sheet BC_THUC_NHAN
B2: BÁO CÁO TIẾN ĐỘ THỰC NHẬN TẠI LINE (SHOPFLOOR PACKING)
B3: Ngày: 23/10/2026 | Ca: Ca 1 (06:00 - 14:00) | Đơn vị: Cái (PCS)
A5: STT | B5: Mã vật tư (Material) | C5: Tên vật tư (Description) | D5: Model / Line | E5: TỔNG NHẬN CẢ CA | F5: 06:00-07:00 | G5: 07:00-08:00 | H5: 08:00-09:00 | I5: 09:00-10:00 | J5: 10:00-11:00 | K5: 11:00-12:00 | L5: 12:00-13:00 | M5: 13:00-14:00
A6: 1 | B6: BIW20005484 | C6: HINGE_TAILGATE_ASSY | D6: VF6,8,9,LH - FINISHING | E6: =SUM(F6:M6) | F6: =INPUT_THUC_TE!E6 | G6: =INPUT_THUC_TE!F6 | H6: =INPUT_THUC_TE!G6 | I6: =INPUT_THUC_TE!H6 | J6: =INPUT_THUC_TE!I6 | K6: =INPUT_THUC_TE!J6 | L6: =INPUT_THUC_TE!K6 | M6: =INPUT_THUC_TE!L6
A7: 2 | B7: BIW30001015 | C7: ASSY_FRONT_HEADER | D7: VF8 - FRAMING 1 | E7: =SUM(F7:M7) | F7: =INPUT_THUC_TE!E7 | G7: =INPUT_THUC_TE!F7 | H7: =INPUT_THUC_TE!G7 | I7: =INPUT_THUC_TE!H7 | J7: =INPUT_THUC_TE!I7 | K7: =INPUT_THUC_TE!J7 | L7: =INPUT_THUC_TE!K7 | M7: =INPUT_THUC_TE!L7
A8: 3 | B8: BIW30001038 | C8: ASSY_FENDER_MTG_BRKT_FRONT_UPPER_LH | D8: VF8 - SOL | E8: =SUM(F8:M8) | F8: =INPUT_THUC_TE!E8 | G8: =INPUT_THUC_TE!F8 | H8: =INPUT_THUC_TE!G8 | I8: =INPUT_THUC_TE!H8 | J8: =INPUT_THUC_TE!I8 | K8: =INPUT_THUC_TE!J8 | L8: =INPUT_THUC_TE!K8 | M8: =INPUT_THUC_TE!L8
A9: 4 | B9: BIW30001039 | C9: ASSY_FENDER_MTG_BRKT_FRONT_UPPER_RH | D9: VF8 - SOR | E9: =SUM(F9:M9) | F9: =INPUT_THUC_TE!E9 | G9: =INPUT_THUC_TE!F9 | H9: =INPUT_THUC_TE!G9 | I9: =INPUT_THUC_TE!H9 | J9: =INPUT_THUC_TE!I9 | K9: =INPUT_THUC_TE!J9 | L9: =INPUT_THUC_TE!K9 | M9: =INPUT_THUC_TE!L9
A10: 5 | B10: BIW30001060AA | C10: REAR_HEADER_LOWER | D10: VF8 - FRAMING 1 | E10: =SUM(F10:M10) | F10: =INPUT_THUC_TE!E10 | G10: =INPUT_THUC_TE!F10 | H10: =INPUT_THUC_TE!G10 | I10: =INPUT_THUC_TE!H10 | J10: =INPUT_THUC_TE!I10 | K10: =INPUT_THUC_TE!J10 | L10: =INPUT_THUC_TE!K10 | M10: =INPUT_THUC_TE!L10
A11: 6 | B11: BIW30001062 | C11: ROOF BOW RR | D11: VF8 - FRAMING 2 | E11: =SUM(F11:M11) | F11: =INPUT_THUC_TE!E11 | G11: =INPUT_THUC_TE!F11 | H11: =INPUT_THUC_TE!G11 | I11: =INPUT_THUC_TE!H11 | J11: =INPUT_THUC_TE!I11 | K11: =INPUT_THUC_TE!J11 | L11: =INPUT_THUC_TE!K11 | M11: =INPUT_THUC_TE!L11
A12: 7 | B12: BIW30001066AA | C12: PANEL_FENDER_RH | D12: VF8 - FINISHING | E12: =SUM(F12:M12) | F12: =INPUT_THUC_TE!E12 | G12: =INPUT_THUC_TE!F12 | H12: =INPUT_THUC_TE!G12 | I12: =INPUT_THUC_TE!H12 | J12: =INPUT_THUC_TE!I12 | K12: =INPUT_THUC_TE!J12 | L12: =INPUT_THUC_TE!K12 | M12: =INPUT_THUC_TE!L12
A13: 8 | B13: BIW30001200 | C13: ASSY_PANEL_SUNROOF | D13: VF8 - FRAMING 3 | E13: =SUM(F13:M13) | F13: =INPUT_THUC_TE!E13 | G13: =INPUT_THUC_TE!F13 | H13: =INPUT_THUC_TE!G13 | I13: =INPUT_THUC_TE!H13 | J13: =INPUT_THUC_TE!I13 | K13: =INPUT_THUC_TE!J13 | L13: =INPUT_THUC_TE!K13 | M13: =INPUT_THUC_TE!L13
A14: 9 | B14: BIW30002039 | C14: ASSY_BULKHEAD_FR_PLR_UPR_LH | D14: VF8 - SOL | E14: =SUM(F14:M14) | F14: =INPUT_THUC_TE!E14 | G14: =INPUT_THUC_TE!F14 | H14: =INPUT_THUC_TE!G14 | I14: =INPUT_THUC_TE!H14 | J14: =INPUT_THUC_TE!I14 | K14: =INPUT_THUC_TE!J14 | L14: =INPUT_THUC_TE!K14 | M14: =INPUT_THUC_TE!L14
A15: 10 | B15: BIW30002040 | C15: ASSY_BULKHEAD_FR_PLR_LWR_LH | D15: VF8 - SOL | E15: =SUM(F15:M15) | F15: =INPUT_THUC_TE!E15 | G15: =INPUT_THUC_TE!F15 | H15: =INPUT_THUC_TE!G15 | I15: =INPUT_THUC_TE!H15 | J15: =INPUT_THUC_TE!I15 | K15: =INPUT_THUC_TE!J15 | L15: =INPUT_THUC_TE!K15 | M15: =INPUT_THUC_TE!L15
A16: 11 | B16: BIW30002044 | C16: ASSY_RENIF_CTR_PLR_LH | D16: VF8 - SOL | E16: =SUM(F16:M16) | F16: =INPUT_THUC_TE!E16 | G16: =INPUT_THUC_TE!F16 | H16: =INPUT_THUC_TE!G16 | I16: =INPUT_THUC_TE!H16 | J16: =INPUT_THUC_TE!I16 | K16: =INPUT_THUC_TE!J16 | L16: =INPUT_THUC_TE!K16 | M16: =INPUT_THUC_TE!L16
A17: 12 | B17: BIW30002048 | C17: ASSY_REINF_FR_PLR_UPR_LH | D17: VF8 - SIL | E17: =SUM(F17:M17) | F17: =INPUT_THUC_TE!E17 | G17: =INPUT_THUC_TE!F17 | H17: =INPUT_THUC_TE!G17 | I17: =INPUT_THUC_TE!H17 | J17: =INPUT_THUC_TE!I17 | K17: =INPUT_THUC_TE!J17 | L17: =INPUT_THUC_TE!K17 | M17: =INPUT_THUC_TE!L17
... A30: 25 | B30: BIW30003250 | C30: ASSY_PNL_CTR_PLR_INR_RH | D30: VF8 - SIR | E30: =SUM(F30:M30) | F30: =INPUT_THUC_TE!E30 | G30: =INPUT_THUC_TE!F30 | H30: =INPUT_THUC_TE!G30 | I30: =INPUT_THUC_TE!H30 | J30: =INPUT_THUC_TE!I30 | K30: =INPUT_THUC_TE!J30 | L30: =INPUT_THUC_TE!K30 | M30: =INPUT_THUC_TE!L30
B31: TỔNG CỘNG | E31: =SUM(E6:E30) | F31: =SUM(F6:F30) | G31: =SUM(G6:G30) | H31: =SUM(H6:H30) | I31: =SUM(I6:I30) | J31: =SUM(J6:J30) | K31: =SUM(K6:K30) | L31: =SUM(L6:L30) | M31: =SUM(M6:M30)

Sheet INPUT_THUC_TE
B2: NHẬP LIỆU THỰC TẾ PACKING / LINE NHẬN HÀNG (THEO KHUNG GIỜ)
B3: Ngày: 23/10/2026 | Ca: Ca 1 (06:00 - 14:00) | Line: MA Shop 3003
A5: STT | B5: Mã vật tư (Material) | C5: Tên vật tư (Description) | D5: Model / Line | E5: 06:00-07:00 | F5: 07:00-08:00 | G5: 08:00-09:00 | H5: 09:00-10:00 | I5: 10:00-11:00 | J5: 11:00-12:00 | K5: 12:00-13:00 | L5: 13:00-14:00 | M5: TỔNG THỰC NHẬN | N5: Ghi chú
A6: 1 | B6: BIW20005484 | C6: HINGE_TAILGATE_ASSY | D6: VF6,8,9,LH - FINISHING | E6: 30 | F6: 30 | G6: 60 | H6: 0 | I6: 45 | J6: 45 | K6: 0 | L6: 0 | M6: =SUM(E6:L6)
A7: 2 | B7: BIW30001015 | C7: ASSY_FRONT_HEADER | D7: VF8 - FRAMING 1 | E7: 45 | F7: 30 | G7: 100 | H7: 0 | I7: 30 | J7: 100 | K7: 0 | L7: 0 | M7: =SUM(E7:L7)
A8: 3 | B8: BIW30001038 | C8: ASSY_FENDER_MTG_BRKT_FRONT_UPPER_LH | D8: VF8 - SOL | E8: 80 | F8: 30 | G8: 30 | H8: 0 | I8: 30 | J8: 45 | K8: 0 | L8: 0 | M8: =SUM(E8:L8)
A9: 4 | B9: BIW30001039 | C9: ASSY_FENDER_MTG_BRKT_FRONT_UPPER_RH | D9: VF8 - SOR | E9: 45 | F9: 100 | G9: 100 | H9: 0 | I9: 30 | J9: 100 | K9: 0 | L9: 0 | M9: =SUM(E9:L9)
A10: 5 | B10: BIW30001060AA | C10: REAR_HEADER_LOWER | D10: VF8 - FRAMING 1 | E10: 45 | F10: 100 | G10: 80 | H10: 0 | I10: 45 | J10: 80 | K10: 0 | L10: 0 | M10: =SUM(E10:L10)
A11: 6 | B11: BIW30001062 | C11: ROOF BOW RR | D11: VF8 - FRAMING 2 | E11: 100 | F11: 60 | G11: 30 | H11: 0 | I11: 45 | J11: 80 | K11: 0 | L11: 0 | M11: =SUM(E11:L11)
A12: 7 | B12: BIW30001066AA | C12: PANEL_FENDER_RH | D12: VF8 - FINISHING | E12: 60 | F12: 60 | G12: 45 | H12: 0 | I12: 45 | J12: 60 | K12: 0 | L12: 0 | M12: =SUM(E12:L12)
A13: 8 | B13: BIW30001200 | C13: ASSY_PANEL_SUNROOF | D13: VF8 - FRAMING 3 | E13: 30 | F13: 30 | G13: 80 | H13: 0 | I13: 30 | J13: 60 | K13: 0 | L13: 0 | M13: =SUM(E13:L13)
A14: 9 | B14: BIW30002039 | C14: ASSY_BULKHEAD_FR_PLR_UPR_LH | D14: VF8 - SOL | E14: 60 | F14: 100 | G14: 60 | H14: 0 | I14: 30 | J14: 80 | K14: 0 | L14: 0 | M14: =SUM(E14:L14)
A15: 10 | B15: BIW30002040 | C15: ASSY_BULKHEAD_FR_PLR_LWR_LH | D15: VF8 - SOL | E15: 100 | F15: 30 | G15: 80 | H15: 0 | I15: 30 | J15: 100 | K15: 0 | L15: 0 | M15: =SUM(E15:L15)
A16: 11 | B16: BIW30002044 | C16: ASSY_RENIF_CTR_PLR_LH | D16: VF8 - SOL | E16: 60 | F16: 100 | G16: 60 | H16: 0 | I16: 100 | J16: 45 | K16: 0 | L16: 0 | M16: =SUM(E16:L16)
A17: 12 | B17: BIW30002048 | C17: ASSY_REINF_FR_PLR_UPR_LH | D17: VF8 - SIL | E17: 30 | F17: 30 | G17: 45 | H17: 0 | I17: 60 | J17: 30 | K17: 0 | L17: 0 | M17: =SUM(E17:L17)
... A30: 25 | B30: BIW30003250 | C30: ASSY_PNL_CTR_PLR_INR_RH | D30: VF8 - SIR | E30: 30 | F30: 80 | G30: 80 | H30: 0 | I30: 100 | J30: 80 | K30: 0 | L30: 0 | M30: =SUM(E30:L30)

Sheet RAW_MB51
A1: Material | B1: Posting Date | C1: Entry Time | D1: Movement Type | E1: Plant | F1: Issuing SLoc | G1: Receiving SLoc | H1: Quantity | I1: Net Qty | J1: Time Slot
A2: BIW20005484 | B2: 23.10.2026 | C2: 06:38:26 | D2: 311 | E2: 3001 | F2: 1003 | G2: 3003 | H2: 30 | I2: =IF(D2=312, -H2, H2) | J2: 06:00-07:00
A3: BIW20005484 | B3: 23.10.2026 | C3: 07:40:10 | D3: 311 | E3: 3001 | F3: 1003 | G3: 3003 | H3: 30 | I3: =IF(D3=312, -H3, H3) | J3: 07:00-08:00
A4: BIW20005484 | B4: 23.10.2026 | C4: 08:48:56 | D4: 311 | E4: 3001 | F4: 1003 | G4: 3003 | H4: 60 | I4: =IF(D4=312, -H4, H4) | J4: 08:00-09:00
A5: BIW20005484 | B5: 23.10.2026 | C5: 10:12:53 | D5: 311 | E5: 3001 | F5: 1003 | G5: 3003 | H5: 45 | I5: =IF(D5=312, -H5, H5) | J5: 10:00-11:00
A6: BIW20005484 | B6: 23.10.2026 | C6: 11:39:58 | D6: 311 | E6: 3001 | F6: 1003 | G6: 3003 | H6: 45 | I6: =IF(D6=312, -H6, H6) | J6: 11:00-12:00
A7: BIW30001015 | B7: 23.10.2026 | C7: 06:22:59 | D7: 311 | E7: 3001 | F7: 1003 | G7: 3003 | H7: 45 | I7: =IF(D7=312, -H7, H7) | J7: 06:00-07:00
A8: BIW30001015 | B8: 23.10.2026 | C8: 07:46:31 | D8: 311 | E8: 3001 | F8: 1003 | G8: 3003 | H8: 50 | I8: =IF(D8=312, -H8, H8) | J8: 07:00-08:00
A9: BIW30001015 | B9: 23.10.2026 | C9: 08:12:28 | D9: 311 | E9: 3001 | F9: 1003 | G9: 3003 | H9: 100 | I9: =IF(D9=312, -H9, H9) | J9: 08:00-09:00
A10: BIW30001015 | B10: 23.10.2026 | C10: 10:32:20 | D10: 311 | E10: 3001 | F10: 1003 | G10: 3003 | H10: 30 | I10: =IF(D10=312, -H10, H10) | J10: 10:00-11:00
A11: BIW30001015 | B11: 23.10.2026 | C11: 11:34:10 | D11: 311 | E11: 3001 | F11: 1003 | G11: 3003 | H11: 100 | I11: =IF(D11=312, -H11, H11) | J11: 11:00-12:00
A12: BIW30001038 | B12: 23.10.2026 | C12: 06:21:42 | D12: 311 | E12: 3001 | F12: 1003 | G12: 3003 | H12: 80 | I12: =IF(D12=312, -H12, H12) | J12: 06:00-07:00
A13: BIW30001038 | B13: 23.10.2026 | C13: 07:16:42 | D13: 311 | E13: 3001 | F13: 1003 | G13: 3003 | H13: 30 | I13: =IF(D13=312, -H13, H13) | J13: 07:00-08:00
... A126: BIW30003250 | B126: 23.10.2026 | C126: 11:33:44 | D126: 311 | E126: 3001 | F126: 1003 | G126: 3003 | H126: 80 | I126: =IF(D126=312, -H126, H126) | J126: 11:00-12:00

Sheet CONFIG
A1: GIỜ BẮT ĐẦU | B1: KHUNG GIỜ | C1: CA | E1: THAM SỐ | F1: GIÁ TRỊ
A2: 06:00:00 | B2: 06:00-07:00 | C2: Ca 1 | E2: Plant | F2: 3001
A3: 07:00:00 | B3: 07:00-08:00 | C3: Ca 1 | E3: Sloc Xuất (Kho cấp) | F3: 1003
A4: 08:00:00 | B4: 08:00-09:00 | C4: Ca 1 | E4: Sloc Nhận (Line) | F4: 3003
A5: 09:00:00 | B5: 09:00-10:00 | C5: Ca 1 | E5: Movement Type Xuất | F5: 311
A6: 10:00:00 | B6: 10:00-11:00 | C6: Ca 1 | E6: Movement Type Hủy | F6: 312
A7: 11:00:00 | B7: 11:00-12:00 | C7: Ca 1 | E7: Xưởng sản xuất | F7: NMVFHP - MA Shop / Thân vỏ
A8: 12:00:00 | B8: 12:00-13:00 | C8: Ca 1
A9: 13:00:00 | B9: 13:00-14:00 | C9: Ca 1
A10: 14:00:00 | B10: 14:00-15:00 | C10: Ca 2
A11: 15:00:00 | B11: 15:00-16:00 | C11: Ca 2
A12: 16:00:00 | B12: 16:00-17:00 | C12: Ca 2
A13: 17:00:00 | B13: 17:00-18:00 | C13: Ca 2
A14: 18:00:00 | B14: 18:00-19:00 | C14: Ca 2
A15: 19:00:00 | B15: 19:00-20:00 | C15: Ca 2
A16: 20:00:00 | B16: 20:00-21:00 | C16: Ca 2
A17: 21:00:00 | B17: 21:00-22:00 | C17: Ca 2
